"統計期","行政區別","機動車輛登記數/總計","機動車輛登記數/汽車/合計","機動車輛登記數/汽車/大型車自用","機動車輛登記數/汽車/大型車營業用","機動車輛登記數/汽車/小型車自用","機動車輛登記數/汽車/小型車營業用","機動車輛登記數/汽車/特種車","機動車輛登記數/機車","每千人持有汽車數","每千人持有機車數"
"108年 1月底","總計",1758801,814659,3990,11103,647935,142699,8932,944142,305,354
"108年 1月底","松山區",130529,70740,392,997,50887,18160,304,59789,344,291
"108年 1月底","信義區",140179,62776,313,420,50755,9214,2074,77403,281,347
"108年 1月底","大安區",181206,107500,493,373,72571,33270,793,73706,348,239
"108年 1月底","中山區",183155,104576,979,2729,65428,34418,1022,78579,456,343
"108年 1月底","中正區",110860,53980,330,2651,39221,9406,2372,56880,340,358
"108年 1月底","大同區",88676,33913,155,325,30459,2826,148,54763,266,429
"108年 1月底","萬華區",126446,39496,154,78,36259,2797,208,86950,209,459
"108年 1月底","文山區",162704,66261,135,213,63290,2015,608,96443,242,352
"108年 1月底","南港區",85209,36925,163,160,30571,5895,136,48284,304,397
"108年 1月底","內湖區",204328,103006,450,1549,80975,19631,401,101322,358,352
"108年 1月底","士林區",181627,72874,259,1372,68198,2688,357,108753,255,380
"108年 1月底","北投區",163882,62612,167,236,59321,2379,509,101270,245,397
"108年 2月底","總計",1757990,813582,3983,11084,647063,142540,8912,944408,305,354
"108年 2月底","松山區",130543,70697,393,1004,50846,18149,305,59846,344,291
"108年 2月底","信義區",140061,62660,309,418,50665,9198,2070,77401,281,347
"108年 2月底","大安區",181101,107358,496,373,72485,33211,793,73743,348,239
"108年 2月底","中山區",183076,104443,968,2714,65366,34374,1021,78633,456,343
"108年 2月底","中正區",110840,53911,331,2652,39177,9377,2374,56929,339,358
"108年 2月底","大同區",88556,33863,155,324,30391,2845,148,54693,265,429
"108年 2月底","萬華區",126265,39397,155,78,36158,2801,205,86868,208,459
"108年 2月底","文山區",162721,66205,134,204,63251,2012,604,96516,242,353
"108年 2月底","南港區",85111,36840,163,155,30519,5868,135,48271,304,398
"108年 2月底","內湖區",204366,102962,449,1556,80922,19632,403,101404,358,353
"108年 2月底","士林區",181491,72761,263,1370,68089,2680,359,108730,254,380
"108年 2月底","北投區",163859,62485,167,236,59194,2393,495,101374,245,397
"108年 3月底","總計",1757671,813139,4013,11088,646523,142638,8877,944532,305,355
"108年 3月底","松山區",130378,70590,391,993,50832,18071,303,59788,343,291
"108年 3月底","信義區",139978,62617,307,418,50600,9222,2070,77361,281,347
"108年 3月底","大安區",181126,107425,507,371,72357,33395,795,73701,348,239
"108年 3月底","中山區",183340,104406,982,2703,65352,34381,988,78934,456,345
"108年 3月底","中正區",110796,53845,336,2659,39137,9330,2383,56951,339,359
"108年 3月底","大同區",88417,33819,155,325,30345,2843,151,54598,265,428
"108年 3月底","萬華區",126209,39363,154,77,36133,2794,205,86846,208,460
"108年 3月底","文山區",162817,66198,133,207,63244,2017,597,96619,242,353
"108年 3月底","南港區",85007,36789,160,161,30496,5838,134,48218,304,398
"108年 3月底","內湖區",204318,102901,452,1547,80871,19635,396,101417,358,353
"108年 3月底","士林區",181449,72720,269,1388,68008,2694,361,108729,254,380
"108年 3月底","北投區",163836,62466,167,239,59148,2418,494,101370,245,398
"108年 4月底","總計",1757290,812367,4022,11102,646047,142327,8869,944923,305,355
"108年 4月底","松山區",130305,70459,396,990,50732,18038,303,59846,343,291
"108年 4月底","信義區",139737,62406,304,414,50490,9136,2062,77331,281,348
"108年 4月底","大安區",180956,107289,519,363,72297,33321,789,73667,348,239
"108年 4月底","中山區",183227,104316,978,2702,65251,34396,989,78911,456,345
"108年 4月底","中正區",110973,54008,334,2682,39334,9272,2386,56965,340,359
"108年 4月底","大同區",88358,33743,160,327,30310,2792,154,54615,265,429
"108年 4月底","萬華區",126119,39292,155,77,36052,2804,204,86827,208,460
"108年 4月底","文山區",162938,66197,134,205,63238,2023,597,96741,242,354
"108年 4月底","南港區",84951,36748,155,161,30444,5851,137,48203,304,398
"108年 4月底","內湖區",204254,102790,453,1553,80827,19555,402,101464,358,354
"108年 4月底","士林區",181478,72619,268,1382,67903,2704,362,108859,254,381
"108年 4月底","北投區",163994,62500,166,246,59169,2435,484,101494,245,399
"108年 5月底","總計",1758156,813056,4048,11120,646162,142862,8864,945100,306,355
"108年 5月底","松山區",130290,70463,400,994,50738,18024,307,59827,343,291
"108年 5月底","信義區",139729,62434,304,411,50503,9157,2059,77295,281,348
"108年 5月底","大安區",181164,107467,527,337,72342,33470,791,73697,348,239
"108年 5月底","中山區",183880,104884,984,2703,65270,34938,989,78996,459,346
"108年 5月底","中正區",110962,53931,335,2722,39303,9190,2381,57031,340,360
"108年 5月底","大同區",88303,33689,160,326,30259,2788,156,54614,265,430
"108年 5月底","萬華區",126102,39305,157,77,36060,2806,205,86797,209,461
"108年 5月底","文山區",162966,66187,138,203,63213,2028,605,96779,242,354
"108年 5月底","南港區",84905,36758,153,158,30477,5833,137,48147,304,398
"108年 5月底","內湖區",204452,102874,459,1556,80979,19474,406,101578,359,354
"108年 5月底","士林區",181349,72524,262,1384,67816,2700,362,108825,254,382
"108年 5月底","北投區",164054,62540,169,249,59202,2454,466,101514,246,399
"108年 6月底","總計",1759770,814450,4091,11118,646427,143907,8907,945320,306,356
"108年 6月底","松山區",130325,70501,402,989,50891,17905,314,59824,344,292
"108年 6月底","信義區",139743,62505,301,410,50542,9196,2056,77238,282,349
"108年 6月底","大安區",181323,107690,539,339,72401,33629,782,73633,349,239
"108年 6月底","中山區",184630,105647,1002,2696,65233,35694,1022,78983,463,346
"108年 6月底","中正區",110728,53717,341,2719,39142,9137,2378,57011,339,360
"108年 6月底","大同區",88280,33714,162,326,30250,2816,160,54566,265,429
"108年 6月底","萬華區",126198,39305,157,77,36058,2809,204,86893,209,462
"108年 6月底","文山區",163179,66294,140,203,63323,2018,610,96885,243,355
"108年 6月底","南港區",84924,36760,154,161,30459,5849,137,48164,304,398
"108年 6月底","內湖區",204885,103208,458,1566,81056,19719,409,101677,360,354
"108年 6月底","士林區",181411,72528,265,1377,67830,2687,369,108883,254,382
"108年 6月底","北投區",164144,62581,170,255,59242,2448,466,101563,246,400
"108年 7月底","總計",1759612,814942,4113,11077,646352,144297,9103,944670,307,356
"108年 7月底","松山區",130345,70349,410,994,50803,17829,313,59996,343,293
"108年 7月底","信義區",139475,62427,300,400,50489,9159,2079,77048,282,348
"108年 7月底","大安區",181390,107871,541,335,72334,33705,956,73519,350,238
"108年 7月底","中山區",185074,106168,1005,2695,65338,36116,1014,78906,465,346
"108年 7月底","中正區",110862,53662,350,2702,39146,9100,2364,57200,339,362
"108年 7月底","大同區",88122,33667,156,328,30185,2838,160,54455,266,430
"108年 7月底","萬華區",126022,39341,159,77,36077,2822,206,86681,209,461
"108年 7月底","文山區",163201,66352,140,201,63362,2025,624,96849,243,355
"108年 7月底","南港區",84867,36733,155,161,30445,5829,143,48134,304,399
"108年 7月底","內湖區",204885,103271,456,1552,81118,19732,413,101614,360,355
"108年 7月底","士林區",181237,72457,270,1375,67748,2699,365,108780,255,382
"108年 7月底","北投區",164132,62644,171,257,59307,2443,466,101488,247,400
"108年 8月底","總計",1757486,812907,4111,11038,645113,143698,8947,944579,307,356
"108年 8月底","松山區",130037,70065,417,989,50606,17737,316,59972,343,293
"108年 8月底","信義區",139300,62281,292,391,50358,9158,2082,77019,282,349
"108年 8月底","大安區",180780,107305,550,323,72144,33509,779,73475,348,238
"108年 8月底","中山區",184915,106039,998,2699,65207,36129,1006,78876,465,346
"108年 8月底","中正區",110880,53618,349,2698,39140,9028,2403,57262,339,362
"108年 8月底","大同區",87843,33554,157,328,30086,2825,158,54289,266,430
"108年 8月底","萬華區",125987,39281,158,76,36039,2802,206,86706,209,462
"108年 8月底","文山區",163124,66249,142,205,63279,2015,608,96875,243,356
"108年 8月底","南港區",84721,36581,155,163,30367,5755,141,48140,303,399
"108年 8月底","內湖區",204830,103175,456,1555,81122,19631,411,101655,360,355
"108年 8月底","士林區",181010,72251,267,1372,67564,2679,369,108759,254,383
"108年 8月底","北投區",164059,62508,170,239,59201,2430,468,101551,246,400
"108年 9月底","總計",1757427,812504,4146,11006,644678,143661,9013,944923,307,357
"108年 9月底","松山區",130010,70045,422,999,50563,17750,311,59965,343,294
"108年 9月底","信義區",139290,62287,291,389,50381,9138,2088,77003,282,349
"108年 9月底","大安區",180778,107342,546,331,72034,33584,847,73436,349,239
"108年 9月底","中山區",185480,105901,1001,2694,65101,36118,987,79579,465,349
"108年 9月底","中正區",110539,53524,368,2694,39092,8951,2419,57015,339,361
"108年 9月底","大同區",87805,33647,158,329,30037,2965,158,54158,267,429
"108年 9月底","萬華區",125954,39295,159,75,36058,2797,206,86659,210,462
"108年 9月底","文山區",163171,66195,141,198,63237,2007,612,96976,243,356
"108年 9月底","南港區",84582,36493,155,159,30361,5683,135,48089,303,399
"108年 9月底","內湖區",204941,103185,464,1525,81210,19571,415,101756,361,356
"108年 9月底","士林區",180954,72188,269,1371,67501,2680,367,108766,254,383
"108年 9月底","北投區",163923,62402,172,242,59103,2417,468,101521,246,401
"108年 10月底","總計",1758931,813465,4165,10985,645142,144168,9005,945466,307,357
"108年 10月底","松山區",130883,70139,423,1005,50642,17756,313,60744,344,298
"108年 10月底","信義區",139207,62303,292,386,50354,9182,2089,76904,283,349
"108年 10月底","大安區",180572,107224,548,335,72035,33538,768,73348,349,238
"108年 10月底","中山區",186548,106481,1000,2688,65192,36577,1024,80067,468,352
"108年 10月底","中正區",110492,53594,368,2694,39169,8912,2451,56898,340,361
"108年 10月底","大同區",87783,33722,159,329,30065,3015,154,54061,267,429
"108年 10月底","萬華區",125882,39307,160,74,36070,2796,207,86575,210,462
"108年 10月底","文山區",163176,66187,141,202,63233,2002,609,96989,243,357
"108年 10月底","南港區",84597,36546,157,160,30405,5696,128,48051,304,399
"108年 10月底","內湖區",204966,103257,470,1509,81227,19627,424,101709,361,356
"108年 10月底","士林區",180793,72195,275,1361,67514,2677,368,108598,254,383
"108年 10月底","北投區",164032,62510,172,242,59236,2390,470,101522,247,401
"108年 11月底","總計",1764466,814665,4163,10946,645495,145119,8942,949801,308,359
"108年 11月底","松山區",133208,70437,419,990,50704,18016,308,62771,345,308
"108年 11月底","信義區",139537,62578,292,387,50378,9440,2081,76959,284,349
"108年 11月底","大安區",180647,107339,544,332,72159,33536,768,73308,349,238
"108年 11月底","中山區",188544,106516,991,2664,65186,36705,970,82028,468,361
"108年 11月底","中正區",110766,53869,383,2695,39205,9145,2441,56897,341,360
"108年 11月底","大同區",87765,33680,157,329,30027,3012,155,54085,267,429
"108年 11月底","萬華區",125944,39361,158,74,36079,2842,208,86583,210,462
"108年 11月底","文山區",163332,66274,141,202,63323,2003,605,97058,244,357
"108年 11月底","南港區",84684,36646,156,163,30398,5800,129,48038,305,399
"108年 11月底","內湖區",205244,103432,476,1511,81281,19724,440,101812,362,356
"108年 11月底","士林區",180734,72123,275,1359,67476,2645,368,108611,254,383
"108年 11月底","北投區",164061,62410,171,240,59279,2251,469,101651,246,401
"108年 12月底","總計",1767624,815569,4152,10929,645504,146027,8957,952055,308,360
"108年 12月底","松山區",134617,70552,419,976,50687,18163,307,64065,346,314
"108年 12月底","信義區",139702,62686,287,385,50344,9590,2080,77016,285,350
"108年 12月底","大安區",180899,107644,550,329,72183,33798,784,73255,350,238
"108年 12月底","中山區",189252,106433,982,2516,65067,36881,987,82819,468,364
"108年 12月底","中正區",110519,53918,378,2691,39275,9171,2403,56601,341,358
"108年 12月底","大同區",87660,33595,158,326,29948,3006,157,54065,267,429
"108年 12月底","萬華區",125921,39348,157,71,36022,2889,209,86573,210,463
"108年 12月底","文山區",163513,66300,140,203,63313,2039,605,97213,244,358
"108年 12月底","南港區",84922,36837,150,164,30461,5932,130,48085,306,400
"108年 12月底","內湖區",205672,103758,488,1671,81395,19754,450,101914,363,357
"108年 12月底","士林區",180782,72106,273,1358,67473,2631,371,108676,254,383
"108年 12月底","北投區",164165,62392,170,239,59336,2173,474,101773,246,402
"109年 1月底","總計",1766216,815137,4142,10907,645210,145931,8947,951079,308,360
"109年 1月底","松山區",134675,70651,420,978,50695,18255,303,64024,346,314
"109年 1月底","信義區",139364,62552,285,373,50263,9559,2072,76812,285,350
"109年 1月底","大安區",180778,107601,546,317,72147,33805,786,73177,350,238
"109年 1月底","中山區",189556,106471,974,2486,65084,36934,993,83085,468,366
"109年 1月底","中正區",110081,53803,377,2693,39249,9092,2392,56278,341,357
"109年 1月底","大同區",87409,33494,158,321,29896,2962,157,53915,266,428
"109年 1月底","萬華區",125850,39375,159,72,35997,2939,208,86475,211,463
"109年 1月底","文山區",163517,66332,140,209,63343,2038,602,97185,244,358
"109年 1月底","南港區",84683,36653,151,166,30459,5747,130,48030,305,400
"109年 1月底","內湖區",205801,103912,487,1686,81449,19836,454,101889,364,357
"109年 1月底","士林區",180537,72047,274,1365,67419,2617,372,108490,254,383
"109年 1月底","北投區",163965,62246,171,241,59209,2147,478,101719,246,402
"109年 2月底","總計",1765812,814868,4130,10907,644882,146039,8910,950944,309,360
"109年 2月底","松山區",134553,70572,418,973,50616,18264,301,63981,347,314
"109年 2月底","信義區",139348,62561,282,369,50236,9601,2073,76787,285,350
"109年 2月底","大安區",180735,107541,544,324,72068,33836,769,73194,350,238
"109年 2月底","中山區",189635,106627,978,2490,65058,37101,1000,83008,470,366
"109年 2月底","中正區",109911,53661,353,2684,39229,9013,2382,56250,341,357
"109年 2月底","大同區",87309,33473,154,325,29902,2933,159,53836,266,428
"109年 2月底","萬華區",125819,39391,160,72,35983,2969,207,86428,211,464
"109年 2月底","文山區",163557,66346,139,206,63366,2038,597,97211,245,358
"109年 2月底","南港區",84713,36633,152,166,30469,5720,126,48080,305,401
"109年 2月底","內湖區",205835,103944,495,1691,81416,19896,446,101891,364,357
"109年 2月底","士林區",180373,71911,281,1365,67340,2554,371,108462,254,384
"109年 2月底","北投區",164024,62208,174,242,59199,2114,479,101816,246,402
"109年 3月底","總計",1765129,814753,4108,10925,644578,146245,8897,950376,309,361
"109年 3月底","松山區",134473,70543,419,971,50568,18283,302,63930,347,314
"109年 3月底","信義區",139158,62457,279,376,50244,9496,2062,76701,285,351
"109年 3月底","大安區",180920,107758,542,315,72095,34040,766,73162,351,239
"109年 3月底","中山區",189740,106857,964,2489,65101,37308,995,82883,472,366
"109年 3月底","中正區",109916,53708,355,2707,39208,9059,2379,56208,341,357
"109年 3月底","大同區",87153,33425,151,328,29837,2948,161,53728,266,428
"109年 3月底","萬華區",125704,39346,159,71,35970,2938,208,86358,212,464
"109年 3月底","文山區",163528,66295,138,204,63330,2039,584,97233,245,359
"109年 3月底","南港區",84531,36457,152,169,30474,5529,133,48074,304,401
"109年 3月底","內湖區",205847,103982,497,1691,81289,20050,455,101865,365,357
"109年 3月底","士林區",180242,71804,280,1365,67276,2511,372,108438,254,384
"109年 3月底","北投區",163917,62121,172,239,59186,2044,480,101796,246,403
"109年 4月底","總計",1762345,813458,4089,10909,643521,145981,8958,948887,309,361
"109年 4月底","松山區",134081,70232,421,972,50401,18137,301,63849,346,315
"109年 4月底","信義區",138911,62263,282,371,50105,9436,2069,76648,285,351
"109年 4月底","大安區",180419,107577,540,310,72018,33947,762,72842,351,238
"109年 4月底","中山區",189637,106825,947,2491,64849,37535,1003,82812,472,366
"109年 4月底","中正區",109810,53768,351,2716,39229,9040,2432,56042,342,357
"109年 4月底","大同區",86888,33288,149,322,29698,2959,160,53600,266,428
"109年 4月底","萬華區",125398,39263,158,63,35904,2930,208,86135,211,464
"109年 4月底","文山區",163344,66219,138,203,63255,2035,588,97125,245,359
"109年 4月底","南港區",84456,36405,154,167,30494,5459,131,48051,304,401
"109年 4月底","內湖區",205693,103899,497,1694,81264,19992,452,101794,365,358
"109年 4月底","士林區",179992,71721,279,1368,67198,2505,371,108271,254,384
"109年 4月底","北投區",163716,61998,173,232,59106,2006,481,101718,246,403
"109年 5月底","總計",1761832,813600,4051,10898,643792,145879,8980,948232,310,361
"109年 5月底","松山區",133969,70111,424,972,50363,18054,298,63858,346,315
"109年 5月底","信義區",138699,62181,283,374,50100,9346,2078,76518,285,351
"109年 5月底","大安區",180325,107619,530,303,72092,33930,764,72706,352,238
"109年 5月底","中山區",189694,106877,937,2491,64851,37587,1011,82817,473,367
"109年 5月底","中正區",109724,53773,336,2733,39250,9030,2424,55951,343,357
"109年 5月底","大同區",86732,33249,150,305,29660,2973,161,53483,266,427
"109年 5月底","萬華區",125521,39468,157,65,36109,2929,208,86053,213,465
"109年 5月底","文山區",163429,66323,139,198,63349,2041,596,97106,246,359
"109年 5月底","南港區",84383,36381,155,165,30474,5456,131,48002,304,401
"109年 5月底","內湖區",205815,104024,495,1697,81306,20067,459,101791,366,358
"109年 5月底","士林區",179897,71628,271,1366,67153,2470,368,108269,255,385
"109年 5月底","北投區",163644,61966,174,229,59085,1996,482,101678,246,404
"109年 6月底","總計",1762421,814406,4041,10898,644044,146448,8975,948015,310,361
"109年 6月底","松山區",134069,70183,422,974,50348,18143,296,63886,347,316
"109年 6月底","信義區",138647,62196,279,376,50126,9310,2105,76451,286,351
"109年 6月底","大安區",180466,107762,533,306,72181,33983,759,72704,353,238
"109年 6月底","中山區",190159,107130,916,2467,64899,37844,1004,83029,475,368
"109年 6月底","中正區",109683,53753,330,2739,39270,9005,2409,55930,343,357
"109年 6月底","大同區",86658,33269,152,302,29671,2979,165,53389,266,427
"109年 6月底","萬華區",125162,39286,157,65,35928,2929,207,85876,212,464
"109年 6月底","文山區",163622,66434,139,199,63471,2030,595,97188,246,360
"109年 6月底","南港區",84489,36436,157,159,30516,5472,132,48053,304,401
"109年 6月底","內湖區",206053,104314,505,1699,81335,20324,451,101739,367,358
"109年 6月底","士林區",179889,71726,276,1381,67238,2461,370,108163,255,385
"109年 6月底","北投區",163524,61917,175,231,59061,1968,482,101607,246,404
"109年 7月底","總計",1762126,814247,4061,10830,643813,146573,8970,947879,311,362
"109年 7月底","松山區",133784,69894,428,957,50241,17974,294,63890,346,316
"109年 7月底","信義區",138543,62200,285,370,50152,9292,2101,76343,286,352
"109年 7月底","大安區",180510,107931,538,304,72206,34137,746,72579,354,238
"109年 7月底","中山區",190200,107095,908,2429,64851,37907,1000,83105,475,369
"109年 7月底","中正區",109833,53680,332,2722,39261,8969,2396,56153,343,359
"109年 7月底","大同區",86580,33188,151,302,29626,2940,169,53392,266,428
"109年 7月底","萬華區",124979,39243,160,65,35881,2929,208,85736,213,465
"109年 7月底","文山區",163642,66392,139,199,63409,2033,612,97250,246,361
"109年 7月底","南港區",84422,36408,157,156,30481,5481,133,48014,305,402
"109年 7月底","內湖區",206294,104558,505,1712,81411,20472,458,101736,368,358
"109年 7月底","士林區",179795,71789,282,1385,67260,2490,372,108006,256,385
"109年 7月底","北投區",163544,61869,176,229,59034,1949,481,101675,246,404
"109年 8月底","總計",1762170,814058,4067,10778,643477,146797,8939,948112,311,362
"109年 8月底","松山區",133850,69907,428,948,50226,18012,293,63943,347,317
"109年 8月底","信義區",138357,62067,283,360,50061,9276,2087,76290,286,352
"109年 8月底","大安區",180554,107960,543,303,72157,34214,743,72594,355,239
"109年 8月底","中山區",190224,107091,902,2403,64810,37979,997,83133,475,369
"109年 8月底","中正區",109724,53601,335,2723,39224,8917,2402,56123,344,360
"109年 8月底","大同區",86616,33180,152,304,29622,2933,169,53436,266,429
"109年 8月底","萬華區",124966,39230,162,64,35865,2931,208,85736,213,465
"109年 8月底","文山區",163639,66335,140,196,63362,2033,604,97304,246,362
"109年 8月底","南港區",84415,36448,153,154,30518,5489,134,47967,305,402
"109年 8月底","內湖區",206429,104635,510,1706,81380,20593,446,101794,369,359
"109年 8月底","士林區",179768,71758,286,1389,67219,2490,374,108010,256,386
"109年 8月底","北投區",163628,61846,173,228,59033,1930,482,101782,246,405
"109年 9月底","總計",1763577,814972,4056,10739,643714,147526,8937,948605,312,363
"109年 9月底","松山區",133910,69987,426,954,50236,18079,292,63923,348,318
"109年 9月底","信義區",138409,62073,281,357,50079,9286,2070,76336,287,353
"109年 9月底","大安區",181013,108360,538,296,72206,34583,737,72653,357,239
"109年 9月底","中山區",190747,107467,900,2386,64927,38264,990,83280,478,370
"109年 9月底","中正區",109447,53548,333,2722,39175,8873,2445,55899,344,359
"109年 9月底","大同區",86536,33117,152,300,29555,2941,169,53419,266,430
"109年 9月底","萬華區",125007,39258,163,68,35915,2925,187,85749,213,466
"109年 9月底","文山區",163863,66404,141,198,63432,2028,605,97459,247,363
"109年 9月底","南港區",84297,36353,153,151,30480,5432,137,47944,305,402
"109年 9月底","內湖區",206840,104834,511,1688,81475,20716,444,102006,370,360
"109年 9月底","士林區",179818,71783,286,1388,67239,2497,373,108035,257,386
"109年 9月底","北投區",163690,61788,172,231,58995,1902,488,101902,246,406
"109年 10月底","總計",1764703,816153,4065,10688,644252,148050,9098,948550,313,364
"109年 10月底","松山區",134044,70162,432,959,50352,18126,293,63882,349,318
"109年 10月底","信義區",138386,62002,278,353,50032,9258,2081,76384,287,354
"109年 10月底","大安區",181348,108680,538,291,72279,34711,861,72668,358,240
"109年 10月底","中山區",191081,107872,893,2361,64925,38707,986,83209,480,370
"109年 10月底","中正區",109236,53510,335,2704,39206,8816,2449,55726,344,358
"109年 10月底","大同區",86529,33112,152,300,29562,2930,168,53417,267,431
"109年 10月底","萬華區",124912,39280,166,65,35938,2926,185,85632,214,466
"109年 10月底","文山區",163974,66478,143,199,63496,2034,606,97496,247,363
"109年 10月底","南港區",84252,36302,154,149,30464,5395,140,47950,305,403
"109年 10月底","內湖區",207275,105145,517,1687,81695,20783,463,102130,372,361
"109年 10月底","士林區",179868,71793,286,1386,67260,2481,380,108075,257,387
"109年 10月底","北投區",163798,61817,171,234,59043,1883,486,101981,247,407
"109年 11月底","總計",1764781,816700,4080,10607,644437,148539,9037,948081,313,364
"109年 11月底","松山區",133992,70091,438,952,50330,18079,292,63901,350,319
"109年 11月底","信義區",138297,61989,279,351,50037,9242,2080,76308,287,354
"109年 11月底","大安區",181394,108809,541,290,72379,34799,800,72585,359,240
"109年 11月底","中山區",191336,108173,901,2293,64941,39044,994,83163,482,371
"109年 11月底","中正區",109178,53456,331,2697,39186,8786,2456,55722,344,359
"109年 11月底","大同區",86422,33043,152,298,29500,2923,170,53379,267,431
"109年 11月底","萬華區",124735,39239,164,67,35917,2907,184,85496,214,466
"109年 11月底","文山區",163987,66529,144,204,63544,2036,601,97458,248,363
"109年 11月底","南港區",84192,36294,154,147,30479,5376,138,47898,305,403
"109年 11月底","內湖區",207595,105443,519,1690,81762,21009,463,102152,373,361
"109年 11月底","士林區",179784,71775,281,1386,67251,2478,379,108009,257,387
"109年 11月底","北投區",163869,61859,176,232,59111,1860,480,102010,247,408
"109年 12月底","總計",1762194,815343,4063,10551,643004,148738,8987,946851,313,364
"109年 12月底","松山區",133563,69748,437,929,50201,17888,293,63815,348,319
"109年 12月底","信義區",138147,61923,278,341,49890,9335,2079,76224,288,354
"109年 12月底","大安區",180992,108619,536,288,72268,34803,724,72373,359,239
"109年 12月底","中山區",191316,108305,900,2273,64799,39343,990,83011,484,371
"109年 12月底","中正區",108970,53366,326,2703,39126,8725,2486,55604,343,358
"109年 12月底","大同區",86350,32973,153,299,29428,2927,166,53377,266,431
"109年 12月底","萬華區",124501,39187,164,67,35867,2904,185,85314,214,466
"109年 12月底","文山區",163648,66269,144,206,63286,2032,601,97379,247,363
"109年 12月底","南港區",84030,36215,155,148,30460,5310,142,47815,305,403
"109年 12月底","內湖區",207483,105317,519,1676,81524,21139,459,102166,373,362
"109年 12月底","士林區",179479,71641,279,1396,67107,2478,381,107838,257,387
"109年 12月底","北投區",163715,61780,172,225,59048,1854,481,101935,247,408
"110年 1月底","總計",1763886,816829,4080,10469,643635,149684,8961,947057,314,365
"110年 1月底","松山區",133623,69763,441,917,50247,17868,290,63860,349,319
"110年 1月底","信義區",138264,62056,277,334,49963,9390,2092,76208,289,355
"110年 1月底","大安區",181514,109167,544,285,72385,35241,712,72347,362,240
"110年 1月底","中山區",191628,108600,907,2226,64961,39515,991,83028,486,372
"110年 1月底","中正區",109128,53321,324,2679,39177,8681,2460,55807,343,359
"110年 1月底","大同區",86306,32978,152,295,29446,2921,164,53328,267,431
"110年 1月底","萬華區",124594,39180,165,68,35855,2907,185,85414,215,468
"110年 1月底","文山區",163833,66434,145,203,63453,2030,603,97399,248,364
"110年 1月底","南港區",83972,36222,155,155,30450,5321,141,47750,306,403
"110年 1月底","內湖區",207904,105714,519,1676,81578,21470,471,102190,375,362
"110年 1月底","士林區",179404,71576,279,1400,67045,2470,382,107828,258,388
"110年 1月底","北投區",163716,61818,172,231,59075,1870,470,101898,247,408
"110年 2月底","總計",1763361,817008,4095,10430,643644,149877,8962,946353,315,365
"110年 2月底","松山區",133616,69800,443,917,50246,17903,291,63816,350,320
"110年 2月底","信義區",138275,62129,280,334,49979,9436,2100,76146,290,356
"110年 2月底","大安區",181380,109121,545,289,72359,35217,711,72259,362,240
"110年 2月底","中山區",191516,108581,918,2204,64879,39600,980,82935,487,372
"110年 2月底","中正區",108974,53224,324,2671,39170,8604,2455,55750,343,360
"110年 2月底","大同區",86247,32985,150,294,29459,2918,164,53262,267,431
"110年 2月底","萬華區",124597,39200,165,68,35864,2916,187,85397,215,469
"110年 2月底","文山區",163886,66499,146,207,63505,2037,604,97387,249,364
"110年 2月底","南港區",83902,36227,156,151,30445,5332,143,47675,306,403
"110年 2月底","內湖區",207986,105864,519,1668,81633,21571,473,102122,376,363
"110年 2月底","士林區",179311,71569,279,1401,67039,2467,383,107742,258,389
"110年 2月底","北投區",163671,61809,170,226,59066,1876,471,101862,248,408
"110年 3月底","總計",1764790,818531,4091,10390,644013,151076,8961,946259,316,366
"110年 3月底","松山區",133887,70063,442,912,50392,18023,294,63824,352,321
"110年 3月底","信義區",138258,62152,287,334,49937,9491,2103,76106,291,357
"110年 3月底","大安區",181843,109605,548,291,72495,35561,710,72238,364,240
"110年 3月底","中山區",191863,108927,920,2183,64945,39891,988,82936,490,373
"110年 3月底","中正區",108968,53201,311,2666,39148,8619,2457,55767,344,360
"110年 3月底","大同區",86315,33007,150,293,29452,2951,161,53308,267,432
"110年 3月底","萬華區",124497,39183,164,67,35832,2931,189,85314,216,470
"110年 3月底","文山區",163833,66458,147,205,63468,2043,595,97375,249,365
"110年 3月底","南港區",84008,36323,156,154,30444,5426,143,47685,308,404
"110年 3月底","內湖區",208426,106282,520,1663,81747,21878,474,102144,378,363
"110年 3月底","士林區",179231,71525,279,1397,67079,2394,376,107706,259,389
"110年 3月底","北投區",163661,61805,167,225,59074,1868,471,101856,248,409
"110年 4月底","總計",1765197,819249,4102,10375,643750,152068,8954,945948,317,367
"110年 4月底","松山區",133940,70116,440,907,50410,18068,291,63824,353,321
"110年 4月底","信義區",138120,62100,292,334,49863,9507,2104,76020,292,358
"110年 4月底","大安區",182051,109871,557,295,72452,35862,705,72180,366,241
"110年 4月底","中山區",192052,109190,924,2149,64830,40294,993,82862,493,374
"110年 4月底","中正區",108984,53198,307,2688,39145,8602,2456,55786,344,361
"110年 4月底","大同區",86320,33082,150,288,29481,3002,161,53238,268,432
"110年 4月底","萬華區",124354,39126,162,65,35762,2947,190,85228,216,471
"110年 4月底","文山區",163881,66469,146,207,63473,2048,595,97412,249,366
"110年 4月底","南港區",83945,36330,157,153,30411,5469,140,47615,308,404
"110年 4月底","內湖區",208726,106483,520,1694,81778,22012,479,102243,379,364
"110年 4月底","士林區",179139,71469,283,1365,67058,2392,371,107670,259,390
"110年 4月底","北投區",163685,61815,164,230,59087,1865,469,101870,249,410
"110年 5月底","總計",1765323,819525,4075,10309,643598,152571,8972,945798,318,367
"110年 5月底","松山區",133975,70169,442,902,50397,18135,293,63806,354,322
"110年 5月底","信義區",137965,62020,296,332,49819,9473,2100,75945,293,358
"110年 5月底","大安區",182248,110096,558,321,72457,36053,707,72152,368,241
"110年 5月底","中山區",192145,109261,918,2136,64780,40446,981,82884,495,375
"110年 5月底","中正區",108871,53084,302,2674,39095,8527,2486,55787,344,362
"110年 5月底","大同區",86302,33086,147,282,29485,3011,161,53216,269,432
"110年 5月底","萬華區",124119,39016,162,65,35664,2935,190,85103,216,472
"110年 5月底","文山區",163933,66468,144,206,63465,2054,599,97465,250,367
"110年 5月底","南港區",83996,36369,145,152,30450,5484,138,47627,309,405
"110年 5月底","內湖區",209050,106758,520,1662,81903,22198,475,102292,381,365
"110年 5月底","士林區",179063,71379,279,1346,66986,2395,373,107684,259,391
"110年 5月底","北投區",163656,61819,162,231,59097,1860,469,101837,249,410
"110年 6月底","總計",1765125,819719,4084,10288,643542,152855,8950,945406,319,368
"110年 6月底","松山區",133922,70152,441,893,50366,18156,296,63770,355,322
"110年 6月底","信義區",137788,61920,296,331,49788,9417,2088,75868,293,359
"110年 6月底","大安區",182613,110483,553,324,72476,36436,694,72130,371,242
"110年 6月底","中山區",192128,109263,924,2132,64750,40473,984,82865,495,376
"110年 6月底","中正區",108763,53015,303,2679,39102,8447,2484,55748,345,363
"110年 6月底","大同區",86259,33076,147,281,29472,3017,159,53183,269,433
"110年 6月底","萬華區",123985,38993,165,65,35643,2929,191,84992,217,472
"110年 6月底","文山區",163883,66443,144,202,63445,2047,605,97440,250,367
"110年 6月底","南港區",83921,36320,146,153,30459,5430,132,47601,309,405
"110年 6月底","內湖區",209145,106848,526,1652,81911,22284,475,102297,381,365
"110年 6月底","士林區",179083,71375,276,1346,67002,2378,373,107708,260,392
"110年 6月底","北投區",163635,61831,163,230,59128,1841,469,101804,249,411
"110年 7月底","總計",1764819,820017,4075,10288,643701,153015,8938,944802,320,369
"110年 7月底","松山區",133812,70207,447,897,50382,18186,295,63605,357,323
"110年 7月底","信義區",137646,61891,271,329,49867,9346,2078,75755,293,359
"110年 7月底","大安區",182644,110579,552,322,72465,36551,689,72065,373,243
"110年 7月底","中山區",192334,109465,918,2127,64783,40656,981,82869,498,377
"110年 7月底","中正區",108781,53110,304,2701,39189,8413,2503,55671,347,363
"110年 7月底","大同區",86151,33094,149,285,29478,3020,162,53057,270,432
"110年 7月底","萬華區",123897,38924,164,64,35595,2911,190,84973,217,473
"110年 7月底","文山區",163930,66472,144,203,63479,2052,594,97458,251,368
"110年 7月底","南港區",83802,36198,144,152,30446,5322,134,47604,309,406
"110年 7月底","內湖區",209399,106991,538,1628,82010,22344,471,102408,383,366
"110年 7月底","士林區",178834,71276,278,1347,66903,2376,372,107558,260,392
"110年 7月底","北投區",163589,61810,166,233,59104,1838,469,101779,250,412
"110年 8月底","總計",1765149,819595,4068,10265,643124,153152,8986,945554,321,370
"110年 8月底","松山區",133819,70184,441,890,50359,18199,295,63635,358,325
"110年 8月底","信義區",137571,61862,269,320,49846,9331,2096,75709,294,360
"110年 8月底","大安區",182465,110449,556,314,72337,36551,691,72016,374,244
"110年 8月底","中山區",192328,109544,912,2138,64758,40753,983,82784,500,378
"110年 8月底","中正區",108828,52911,303,2699,39058,8349,2502,55917,347,367
"110年 8月底","大同區",86239,33075,149,285,29467,3012,162,53164,271,435
"110年 8月底","萬華區",123882,38860,165,64,35495,2922,214,85022,217,475
"110年 8月底","文山區",164073,66490,145,192,63503,2052,598,97583,252,369
"110年 8月底","南港區",83856,36232,142,156,30455,5339,140,47624,310,408
"110年 8月底","內湖區",209637,107063,540,1616,81983,22455,469,102574,384,368
"110年 8月底","士林區",178823,71221,278,1356,66853,2360,374,107602,261,394
"110年 8月底","北投區",163628,61704,168,235,59010,1829,462,101924,250,413
"110年 9月底","總計",1766911,820837,4084,10231,643200,154268,9054,946074,323,372
"110年 9月底","松山區",133960,70203,445,890,50315,18252,301,63757,360,327
"110年 9月底","信義區",137574,61911,274,322,49836,9388,2091,75663,296,362
"110年 9月底","大安區",182820,110803,555,316,72386,36777,769,72017,377,245
"110年 9月底","中山區",192864,110007,912,2129,64702,41269,995,82857,504,380
"110年 9月底","中正區",108076,52626,301,2677,39054,8140,2454,55450,346,365
"110年 9月底","大同區",86179,33065,151,281,29466,3004,163,53114,272,436
"110年 9月底","萬華區",124036,38919,167,68,35511,2958,215,85117,218,477
"110年 9月底","文山區",164411,66596,144,191,63616,2053,592,97815,253,371
"110年 9月底","南港區",83959,36304,141,156,30487,5377,143,47655,311,409
"110年 9月底","內湖區",210192,107397,548,1611,82068,22689,481,102795,386,369
"110年 9月底","士林區",178861,71152,279,1351,66792,2346,384,107709,261,395
"110年 9月底","北投區",163979,61854,167,239,58967,2015,466,102125,251,415
"110年 10月底","總計",1768132,820908,4092,10253,643027,154561,8975,947224,323,373
"110年 10月底","松山區",134153,70305,451,889,50346,18318,301,63848,361,328
"110年 10月底","信義區",137484,61853,271,327,49809,9366,2080,75631,296,362
"110年 10月底","大安區",183034,110969,558,320,72337,37049,705,72065,379,246
"110年 10月底","中山區",192954,110038,912,2110,64708,41317,991,82916,506,382
"110年 10月底","中正區",107753,52198,294,2697,39025,7722,2460,55555,345,367
"110年 10月底","大同區",86154,32990,151,284,29410,2984,161,53164,272,438
"110年 10月底","萬華區",124036,38908,167,71,35466,2991,213,85128,219,479
"110年 10月底","文山區",164568,66577,145,193,63594,2059,586,97991,253,373
"110年 10月底","南港區",84106,36342,151,156,30494,5397,144,47764,312,410
"110年 10月底","內湖區",210538,107535,543,1616,82045,22847,484,103003,387,371
"110年 10月底","士林區",179010,71152,280,1351,66794,2343,384,107858,262,397
"110年 10月底","北投區",164342,62041,169,239,58999,2168,466,102301,253,417
"110年 11月底","總計",1769899,821672,4087,10210,643140,155225,9010,948227,325,375
"110年 11月底","松山區",134345,70419,446,894,50370,18412,297,63926,363,329
"110年 11月底","信義區",137452,61849,282,324,49756,9385,2102,75603,297,363
"110年 11月底","大安區",183426,111252,567,312,72343,37326,704,72174,381,247
"110年 11月底","中山區",192990,110048,905,2077,64657,41422,987,82942,508,383
"110年 11月底","中正區",107750,52203,288,2687,39089,7651,2488,55547,346,368
"110年 11月底","大同區",86238,32998,153,282,29411,2996,156,53240,273,440
"110年 11月底","萬華區",124031,38856,175,75,35398,2997,211,85175,219,481
"110年 11月底","文山區",164829,66661,132,193,63691,2059,586,98168,254,374
"110年 11月底","南港區",84178,36379,152,157,30531,5399,140,47799,313,412
"110年 11月底","內湖區",211054,107817,542,1620,82091,23075,489,103237,389,372
"110年 11月底","士林區",179046,71111,274,1351,66771,2333,382,107935,263,399
"110年 11月底","北投區",164560,62079,171,238,59032,2170,468,102481,253,418
"110年 12月底","總計",1770505,822312,4074,10163,642806,156254,9015,948193,326,376
"110年 12月底","松山區",134420,70528,449,883,50370,18527,299,63892,365,330
"110年 12月底","信義區",137335,61805,281,319,49718,9396,2091,75530,298,364
"110年 12月底","大安區",183486,111362,573,313,72288,37471,717,72124,382,248
"110年 12月底","中山區",193364,110425,904,2043,64567,41923,988,82939,512,385
"110年 12月底","中正區",107632,52216,285,2679,39073,7685,2494,55416,347,368
"110年 12月底","大同區",86275,33002,154,278,29391,3023,156,53273,273,441
"110年 12月底","萬華區",123994,38835,167,77,35383,2999,209,85159,220,482
"110年 12月底","文山區",164855,66620,130,201,63670,2033,586,98235,255,376
"110年 12月底","南港區",84245,36464,151,156,30561,5460,136,47781,315,413
"110年 12月底","內湖區",211307,108017,538,1632,82103,23253,491,103290,390,373
"110年 12月底","士林區",178936,71000,270,1341,66679,2332,378,107936,263,400
"110年 12月底","北投區",164656,62038,172,241,59003,2152,470,102618,253,419
"111年 1月底","總計",1770543,823052,4067,10185,642790,156993,9017,947491,327,377
"111年 1月底","松山區",134509,70593,451,876,50384,18574,308,63916,367,332
"111年 1月底","信義區",137240,61814,282,319,49706,9437,2070,75426,300,366
"111年 1月底","大安區",183492,111495,570,312,72267,37626,720,71997,384,248
"111年 1月底","中山區",193644,110830,898,2081,64631,42232,988,82814,517,386
"111年 1月底","中正區",107470,52137,282,2662,39052,7651,2490,55333,348,369
"111年 1月底","大同區",86273,33015,155,272,29415,3021,152,53258,275,443
"111年 1月底","萬華區",123934,38844,166,94,35372,3003,209,85090,221,484
"111年 1月底","文山區",164890,66660,131,204,63695,2037,593,98230,256,377
"111年 1月底","南港區",84066,36344,152,152,30520,5382,138,47722,315,414
"111年 1月底","內湖區",211630,108394,537,1627,82200,23530,500,103236,393,374
"111年 1月底","士林區",178912,70999,272,1341,66680,2329,377,107913,264,402
"111年 1月底","北投區",164483,61927,171,245,58868,2171,472,102556,254,420
"111年 2月底","總計",1770987,823535,4077,10179,642679,157589,9011,947452,329,378
"111年 2月底","松山區",134698,70677,451,875,50418,18623,310,64021,369,334
"111年 2月底","信義區",137227,61818,285,318,49715,9421,2079,75409,301,367
"111年 2月底","大安區",183661,111689,567,312,72337,37753,720,71972,386,248
"111年 2月底","中山區",193848,111081,898,2081,64595,42519,988,82767,521,388
"111年 2月底","中正區",107370,52093,289,2657,39000,7675,2472,55277,349,370
"111年 2月底","大同區",86273,33025,158,271,29422,3022,152,53248,275,444
"111年 2月底","萬華區",123873,38807,165,94,35328,3012,208,85066,221,485
"111年 2月底","文山區",164916,66657,132,203,63688,2041,593,98259,257,378
"111年 2月底","南港區",84041,36329,152,154,30496,5388,139,47712,316,415
"111年 2月底","內湖區",211786,108578,536,1625,82288,23625,504,103208,395,376
"111年 2月底","士林區",178857,70920,273,1342,66590,2338,377,107937,265,403
"111年 2月底","北投區",164437,61861,171,247,58802,2172,469,102576,254,422
"111年 3月底","總計",1770416,823343,4071,10204,641982,158071,9015,947073,331,380
"111年 3月底","松山區",134617,70612,456,872,50320,18653,311,64005,372,337
"111年 3月底","信義區",137212,61878,285,374,49616,9505,2098,75334,303,369
"111年 3月底","大安區",183739,111758,562,313,72204,37954,725,71981,388,250
"111年 3月底","中山區",193603,110990,896,2048,64553,42507,986,82613,524,390
"111年 3月底","中正區",107307,52045,287,2655,38970,7667,2466,55262,351,373
"111年 3月底","大同區",86329,33084,157,269,29360,3148,150,53245,278,447
"111年 3月底","萬華區",123736,38742,167,96,35268,3006,205,84994,222,487
"111年 3月底","文山區",164997,66684,133,207,63714,2034,596,98313,258,381
"111年 3月底","南港區",83949,36299,153,151,30472,5386,137,47650,318,417
"111年 3月底","內湖區",211775,108577,536,1629,82168,23736,508,103198,397,377
"111年 3月底","士林區",178816,70870,270,1348,66557,2329,366,107946,266,406
"111年 3月底","北投區",164336,61804,169,242,58780,2146,467,102532,255,423
"111年 4月底","總計",1770160,823798,4067,10157,641658,158882,9034,946362,332,382
"111年 4月底","松山區",134694,70712,456,854,50381,18709,312,63982,374,339
"111年 4月底","信義區",137003,61806,277,371,49563,9482,2113,75197,304,370
"111年 4月底","大安區",183867,111916,559,318,72163,38151,725,71951,389,250
"111年 4月底","中山區",193891,111252,894,2049,64548,42777,984,82639,529,393
"111年 4月底","中正區",107170,51954,288,2653,38903,7643,2467,55216,352,374
"111年 4月底","大同區",86206,33080,159,267,29344,3160,150,53126,279,449
"111年 4月底","萬華區",123632,38695,169,101,35208,3014,203,84937,223,490
"111年 4月底","文山區",164857,66620,132,198,63673,2020,597,98237,259,382
"111年 4月底","南港區",83878,36288,153,151,30464,5383,137,47590,319,419
"111年 4月底","內湖區",212008,108887,541,1609,82177,24048,512,103121,401,379
"111年 4月底","士林區",178608,70772,270,1342,66461,2331,368,107836,268,408
"111年 4月底","北投區",164346,61816,169,244,58773,2164,466,102530,256,424
"111年 5月底","總計",1769744,823826,4049,10134,641432,159170,9041,945918,333,383
"111年 5月底","松山區",134641,70687,457,851,50309,18759,311,63954,376,340
"111年 5月底","信義區",136852,61682,271,370,49493,9423,2125,75170,305,371
"111年 5月底","大安區",183963,112065,562,318,72167,38293,725,71898,392,251
"111年 5月底","中山區",193813,111298,891,2025,64518,42886,978,82515,531,393
"111年 5月底","中正區",107128,51893,286,2658,38870,7603,2476,55235,353,376
"111年 5月底","大同區",86068,33049,157,265,29311,3171,145,53019,279,448
"111年 5月底","萬華區",123495,38593,169,102,35142,2976,204,84902,223,491
"111年 5月底","文山區",164869,66670,132,198,63739,2005,596,98199,260,383
"111年 5月底","南港區",83861,36258,160,152,30486,5323,137,47603,319,419
"111年 5月底","內湖區",212135,109059,528,1609,82170,24244,508,103076,402,380
"111年 5月底","士林區",178546,70728,265,1342,66417,2334,370,107818,268,409
"111年 5月底","北投區",164373,61844,171,244,58810,2153,466,102529,257,426
"111年 6月底","總計",1770705,824323,4029,10095,641458,159676,9065,946382,334,384
"111年 6月底","松山區",134581,70685,458,848,50273,18795,311,63896,376,340
"111年 6月底","信義區",136816,61668,267,362,49491,9419,2129,75148,306,372
"111年 6月底","大安區",183909,112065,557,315,72105,38365,723,71844,397,254
"111年 6月底","中山區",193962,111453,875,2011,64531,43057,979,82509,531,393
"111年 6月底","中正區",107389,51915,288,2675,38885,7569,2498,55474,353,377
"111年 6月底","大同區",85994,32992,160,225,29271,3187,149,53002,279,448
"111年 6月底","萬華區",123488,38587,166,102,35135,2977,207,84901,223,491
"111年 6月底","文山區",165056,66766,133,212,63816,2005,600,98290,261,384
"111年 6月底","南港區",83883,36255,163,157,30455,5345,135,47628,319,419
"111年 6月底","內湖區",212521,109337,532,1605,82235,24464,501,103184,403,380
"111年 6月底","士林區",178578,70704,262,1338,66400,2336,368,107874,269,410
"111年 6月底","北投區",164528,61896,168,245,58861,2157,465,102632,258,428
"111年 7月底","總計",1770999,824946,4011,10089,641371,160401,9074,946053,335,384
"111年 7月底","松山區",134632,70743,457,832,50280,18861,313,63889,376,340
"111年 7月底","信義區",136665,61607,266,362,49451,9393,2135,75058,305,372
"111年 7月底","大安區",183968,112151,555,313,71993,38572,718,71817,400,256
"111年 7月底","中山區",194253,111745,872,1988,64485,43394,1006,82508,532,393
"111年 7月底","中正區",107347,52056,288,2705,38980,7606,2477,55291,354,376
"111年 7月底","大同區",85767,32819,161,222,29234,3052,150,52948,278,448
"111年 7月底","萬華區",123465,38594,166,103,35124,2994,207,84871,223,491
"111年 7月底","文山區",165116,66737,129,215,63787,2009,597,98379,260,384
"111年 7月底","南港區",83890,36248,159,166,30461,5326,136,47642,319,419
"111年 7月底","內湖區",212945,109729,525,1594,82408,24700,502,103216,404,380
"111年 7月底","士林區",178473,70679,263,1343,66365,2339,369,107794,269,410
"111年 7月底","北投區",164478,61838,170,246,58803,2155,464,102640,258,428
"111年 8月底","總計",1772162,825902,4028,10094,641236,161484,9060,946260,336,384
"111年 8月底","松山區",134966,71019,469,833,50351,19054,312,63947,378,340
"111年 8月底","信義區",136749,61655,270,378,49462,9419,2126,75094,306,372
"111年 8月底","大安區",184220,112365,551,315,71950,38831,718,71855,400,256
"111年 8月底","中山區",194252,111770,871,1982,64423,43492,1002,82482,532,393
"111年 8月底","中正區",107152,52128,287,2722,39033,7607,2479,55024,355,375
"111年 8月底","大同區",85720,32805,162,213,29238,3043,149,52915,278,448
"111年 8月底","萬華區",123336,38484,167,93,35033,2986,205,84852,223,491
"111年 8月底","文山區",165094,66672,130,214,63726,2006,596,98422,260,384
"111年 8月底","南港區",84277,36512,159,171,30467,5575,140,47765,321,421
"111年 8月底","內湖區",213272,109970,529,1591,82375,24975,500,103302,405,381
"111年 8月底","士林區",178510,70660,263,1339,66352,2338,368,107850,269,410
"111年 8月底","北投區",164614,61862,170,243,58826,2158,465,102752,258,429
"111年 9月底","總計",1773153,826128,4039,10104,640735,162175,9075,947025,336,385
"111年 9月底","松山區",134994,71024,469,840,50274,19127,314,63970,379,341
"111年 9月底","信義區",136813,61634,273,370,49483,9385,2123,75179,305,372
"111年 9月底","大安區",184447,112601,556,317,71866,39136,726,71846,402,256
"111年 9月底","中山區",194446,111923,874,1983,64394,43667,1005,82523,533,393
"111年 9月底","中正區",107054,52077,290,2725,38972,7618,2472,54977,355,375
"111年 9月底","大同區",85692,32724,159,218,29152,3045,150,52968,277,449
"111年 9月底","萬華區",123237,38402,166,87,34946,2997,206,84835,222,491
"111年 9月底","文山區",165408,66730,129,215,63775,2012,599,98678,261,385
"111年 9月底","南港區",84355,36533,161,171,30451,5609,141,47822,322,421
"111年 9月底","內湖區",213473,110027,527,1591,82335,25069,505,103446,405,381
"111年 9月底","士林區",178558,70578,260,1338,66265,2348,367,107980,269,411
"111年 9月底","北投區",164676,61875,175,249,58822,2162,467,102801,258,429
"111年 10月底","總計",1773709,826598,4032,10035,640826,162624,9081,947111,335,384
"111年 10月底","松山區",135193,71171,473,826,50324,19237,311,64022,379,341
"111年 10月底","信義區",136787,61567,270,363,49503,9307,2124,75220,304,372
"111年 10月底","大安區",184703,112747,564,320,71860,39273,730,71956,401,256
"111年 10月底","中山區",194514,111996,868,1966,64395,43766,1001,82518,531,391
"111年 10月底","中正區",107035,52079,290,2682,38984,7641,2482,54956,354,374
"111年 10月底","大同區",85639,32728,155,217,29138,3066,152,52911,277,447
"111年 10月底","萬華區",123027,38406,166,88,34955,2993,204,84621,222,490
"111年 10月底","文山區",165614,66754,128,213,63807,2012,594,98860,260,386
"111年 10月底","南港區",84303,36513,162,170,30455,5587,139,47790,321,421
"111年 10月底","內湖區",213736,110214,523,1593,82393,25193,512,103522,406,381
"111年 10月底","士林區",178470,70569,260,1350,66234,2356,369,107901,268,410
"111年 10月底","北投區",164688,61854,173,247,58778,2193,463,102834,258,429
"111年 11月底","總計",1774410,827043,4024,9972,641038,162846,9163,947367,334,383
"111年 11月底","松山區",135309,71249,467,823,50333,19312,314,64060,377,339
"111年 11月底","信義區",136793,61517,266,365,49527,9222,2137,75276,303,371
"111年 11月底","大安區",184794,112837,565,296,71910,39312,754,71957,399,254
"111年 11月底","中山區",194676,112119,875,1983,64403,43873,985,82557,530,390
"111年 11月底","中正區",107001,52049,287,2655,38971,7616,2520,54952,353,373
"111年 11月底","大同區",85668,32716,157,214,29118,3071,156,52952,276,447
"111年 11月底","萬華區",123027,38442,168,86,35002,2981,205,84585,222,489
"111年 11月底","文山區",165725,66759,127,210,63803,2028,591,98966,260,385
"111年 11月底","南港區",84198,36472,162,172,30434,5565,139,47726,321,420
"111年 11月底","內湖區",213974,110452,520,1594,82515,25299,524,103522,406,380
"111年 11月底","士林區",178452,70522,259,1332,66204,2355,372,107930,267,409
"111年 11月底","北投區",164793,61909,171,242,58818,2212,466,102884,258,428
"111年 12月底","總計",1774650,827756,4052,9947,640845,163780,9132,946894,334,382
"111年 12月底","松山區",135395,71344,471,822,50364,19377,310,64051,376,337
"111年 12月底","信義區",136718,61452,266,365,49547,9140,2134,75266,302,369
"111年 12月底","大安區",184596,112789,576,297,71756,39424,736,71807,396,252
"111年 12月底","中山區",194952,112524,877,1985,64365,44311,986,82428,529,388
"111年 12月底","中正區",106854,51961,286,2637,38944,7592,2502,54893,351,371
"111年 12月底","大同區",85806,32713,159,212,29095,3092,155,53093,275,447
"111年 12月底","萬華區",122898,38399,169,85,34960,2981,204,84499,222,488
"111年 12月底","文山區",165764,66782,129,208,63826,2027,592,98982,259,384
"111年 12月底","南港區",84139,36497,162,173,30444,5579,139,47642,321,419
"111年 12月底","內湖區",214385,110846,529,1586,82534,25666,531,103539,406,379
"111年 12月底","士林區",178302,70439,258,1332,66124,2350,375,107863,266,407
"111年 12月底","北投區",164841,62010,170,245,58886,2241,468,102831,258,427
"112年 1月底","總計",1774111,828300,4040,9947,640756,164427,9130,945811,333,380
"112年 1月底","松山區",135514,71494,471,821,50438,19455,309,64020,375,336
"112年 1月底","信義區",136612,61406,267,365,49531,9124,2119,75206,300,368
"112年 1月底","大安區",184541,112810,568,298,71697,39503,744,71731,395,251
"112年 1月底","中山區",194894,112547,881,1934,64306,44440,986,82347,527,386
"112年 1月底","中正區",106758,51935,281,2637,38940,7576,2501,54823,350,369
"112年 1月底","大同區",85777,32757,158,211,29129,3103,156,53020,275,445
"112年 1月底","萬華區",122719,38395,170,85,34938,2997,205,84324,222,487
"112年 1月底","文山區",165818,66842,127,208,63889,2020,598,98976,259,383
"112年 1月底","南港區",83739,36499,162,179,30404,5614,140,47240,320,415
"112年 1月底","內湖區",214795,111257,527,1623,82569,26006,532,103538,406,378
"112年 1月底","士林區",178163,70401,258,1341,66073,2354,375,107762,265,406
"112年 1月底","北投區",164781,61957,170,245,58842,2235,465,102824,257,426
"112年 2月底","總計",1773247,828090,4046,9947,640281,164736,9080,945157,333,380
"112年 2月底","松山區",135535,71504,468,819,50392,19510,315,64031,374,335
"112年 2月底","信義區",136468,61341,266,360,49537,9086,2092,75127,300,367
"112年 2月底","大安區",184568,112867,576,299,71688,39559,745,71701,394,250
"112年 2月底","中山區",194738,112563,879,1931,64255,44514,984,82175,527,385
"112年 2月底","中正區",106643,51899,281,2638,38908,7588,2484,54744,349,368
"112年 2月底","大同區",85664,32776,159,210,29127,3125,155,52888,275,444
"112年 2月底","萬華區",122564,38347,169,87,34876,3010,205,84217,221,486
"112年 2月底","文山區",165790,66751,127,211,63810,2017,586,99039,258,383
"112年 2月底","南港區",83587,36410,162,179,30303,5625,141,47177,320,415
"112年 2月底","內湖區",214814,111330,526,1620,82540,26110,534,103484,406,378
"112年 2月底","士林區",178134,70394,260,1345,66059,2352,378,107740,265,406
"112年 2月底","北投區",164742,61908,173,248,58786,2240,461,102834,257,426
"112年 3月底","總計",1773217,828620,4046,9925,640139,165424,9086,944597,332,379
"112年 3月底","松山區",135446,71421,471,816,50261,19555,318,64025,373,334
"112年 3月底","信義區",136453,61313,267,359,49519,9090,2078,75140,299,367
"112年 3月底","大安區",184886,113258,572,303,71766,39869,748,71628,394,249
"112年 3月底","中山區",194486,112456,886,1928,64102,44570,970,82030,525,383
"112年 3月底","中正區",106723,51957,280,2637,38938,7595,2507,54766,348,367
"112年 3月底","大同區",85777,32868,160,218,29157,3173,160,52909,275,443
"112年 3月底","萬華區",122508,38327,170,86,34821,3045,205,84181,221,486
"112年 3月底","文山區",165883,66764,127,220,63819,2016,582,99119,258,383
"112年 3月底","南港區",83025,36367,160,176,30239,5651,141,46658,319,410
"112年 3月底","內湖區",215222,111634,524,1592,82713,26268,537,103588,407,377
"112年 3月底","士林區",178034,70369,257,1343,66023,2362,384,107665,265,405
"112年 3月底","北投區",164774,61886,172,247,58781,2230,456,102888,256,426
"112年 4月底","總計",1774136,829979,4035,9946,640441,166442,9115,944157,332,378
"112年 4月底","松山區",135448,71476,466,814,50259,19620,317,63972,372,333
"112年 4月底","信義區",136404,61245,268,357,49500,9038,2082,75159,298,366
"112年 4月底","大安區",185313,113616,574,304,71781,40207,750,71697,394,248
"112年 4月底","中山區",194793,112746,890,1929,64063,44897,967,82047,526,383
"112年 4月底","中正區",106743,52051,281,2631,39036,7578,2525,54692,348,366
"112年 4月底","大同區",85831,32908,158,211,29147,3232,160,52923,275,443
"112年 4月底","萬華區",122467,38352,169,89,34832,3058,204,84115,221,485
"112年 4月底","文山區",165884,66789,127,221,63834,2019,588,99095,258,382
"112年 4月底","南港區",82896,36486,160,177,30280,5725,144,46410,320,408
"112年 4月底","內湖區",215608,111939,513,1594,82823,26471,538,103669,407,377
"112年 4月底","士林區",177999,70426,257,1367,66048,2368,386,107573,265,404
"112年 4月底","北投區",164750,61945,172,252,58838,2229,454,102805,256,425
"112年 5月底","總計",1774586,831060,4046,9956,640746,167173,9139,943526,332,377
"112年 5月底","松山區",135535,71556,468,809,50288,19677,314,63979,372,333
"112年 5月底","信義區",136299,61207,267,353,49446,9048,2093,75092,297,365
"112年 5月底","大安區",185675,113957,582,306,71886,40422,761,71718,394,248
"112年 5月底","中山區",195095,113045,887,1938,64226,45033,961,82050,526,382
"112年 5月底","中正區",106593,52024,279,2642,38963,7619,2521,54569,347,364
"112年 5月底","大同區",85769,32963,160,212,29168,3262,161,52806,276,441
"112年 5月底","萬華區",122195,38306,172,93,34773,3063,205,83889,221,484
"112年 5月底","文山區",165783,66745,130,220,63797,2005,593,99038,257,382
"112年 5月底","南港區",82969,36600,159,178,30358,5761,144,46369,321,407
"112年 5月底","內湖區",215833,112183,513,1595,82865,26666,544,103650,408,377
"112年 5月底","士林區",177988,70430,260,1358,66045,2383,384,107558,264,404
"112年 5月底","北投區",164852,62044,169,252,58931,2234,458,102808,256,425
"112年 6月底","總計",1777371,833450,4047,9954,641385,168887,9177,943921,333,377
"112年 6月底","松山區",135563,71618,470,805,50322,19707,314,63945,372,332
"112年 6月底","信義區",136268,61230,267,354,49517,9009,2083,75038,297,364
"112年 6月底","大安區",186483,114668,576,308,71940,41059,785,71815,395,247
"112年 6月底","中山區",195680,113700,886,1928,64355,45547,984,81980,528,381
"112年 6月底","中正區",107258,52115,279,2641,39017,7655,2523,55143,348,368
"112年 6月底","大同區",85795,33008,163,210,29164,3308,163,52787,276,441
"112年 6月底","萬華區",122099,38315,171,93,34778,3066,207,83784,221,483
"112年 6月底","文山區",165888,66785,130,222,63838,1999,596,99103,257,382
"112年 6月底","南港區",83057,36719,159,182,30411,5824,143,46338,322,407
"112年 6月底","內湖區",216466,112743,519,1594,82997,27095,538,103723,409,377
"112年 6月底","士林區",177919,70450,260,1358,66048,2402,382,107469,264,403
"112年 6月底","北投區",164895,62099,167,259,58998,2216,459,102796,257,425
"112年 7月底","總計",1777725,834296,4067,9952,641147,169896,9234,943429,333,376
"112年 7月底","松山區",135481,71561,474,797,50259,19715,316,63920,371,331
"112年 7月底","信義區",136223,61158,265,354,49475,8983,2081,75065,296,364
"112年 7月底","大安區",186555,114847,577,306,71890,41274,800,71708,395,247
"112年 7月底","中山區",196375,114383,892,1944,64298,46260,989,81992,530,380
"112年 7月底","中正區",107225,52173,280,2639,39061,7664,2529,55052,348,367
"112年 7月底","大同區",85861,33135,161,212,29246,3352,164,52726,277,440
"112年 7月底","萬華區",121978,38288,172,93,34754,3059,210,83690,221,482
"112年 7月底","文山區",165828,66754,128,221,63793,1996,616,99074,257,381
"112年 7月底","南港區",82904,36615,159,180,30392,5742,142,46289,321,406
"112年 7月底","內湖區",216706,112876,527,1592,82977,27236,544,103830,409,377
"112年 7月底","士林區",177825,70438,263,1353,66031,2408,383,107387,264,402
"112年 7月底","北投區",164764,62068,169,261,58971,2207,460,102696,256,424
"112年 8月底","總計",1776937,833776,4071,9830,640649,169932,9294,943161,333,376
"112年 8月底","松山區",135749,71821,519,1087,50197,19701,317,63928,373,332
"112年 8月底","信義區",136188,61178,258,415,49437,8979,2089,75010,297,364
"112年 8月底","大安區",187840,116137,571,1625,71832,41307,802,71703,400,247
"112年 8月底","中山區",194755,112828,885,569,64187,46153,1034,81927,523,380
"112年 8月底","中正區",106335,51671,247,2303,38910,7685,2526,54664,345,365
"112年 8月底","大同區",85717,32996,165,42,29218,3403,168,52721,275,440
"112年 8月底","萬華區",122023,38373,174,197,34749,3035,218,83650,221,482
"112年 8月底","文山區",166867,67707,141,1151,63778,2025,612,99160,261,382
"112年 8月底","南港區",82995,36777,163,371,30393,5707,143,46218,323,406
"112年 8月底","內湖區",216818,112841,535,1594,82872,27302,538,103977,409,377
"112年 8月底","士林區",176777,69362,249,257,66051,2422,383,107415,260,403
"112年 8月底","北投區",164873,62085,164,219,59025,2213,464,102788,256,424
"112年 9月底","總計",1778003,834707,4094,9808,640556,170935,9314,943296,333,376
"112年 9月底","松山區",135471,71574,470,789,50229,19767,319,63897,372,332
"112年 9月底","信義區",136150,61137,268,359,49420,9000,2090,75013,296,364
"112年 9月底","大安區",186850,115126,579,309,71963,41460,815,71724,396,247
"112年 9月底","中山區",196358,114423,899,1835,64204,46449,1036,81935,530,380
"112年 9月底","中正區",106540,51995,280,2629,38884,7683,2519,54545,347,364
"112年 9月底","大同區",85858,33177,167,209,29199,3436,166,52681,277,440
"112年 9月底","萬華區",121788,38245,169,94,34725,3039,218,83543,220,481
"112年 9月底","文山區",166165,66863,125,234,63822,2064,618,99302,257,382
"112年 9月底","南港區",82813,36586,162,179,30338,5766,141,46227,321,406
"112年 9月底","內湖區",217152,113122,544,1596,82812,27628,542,104030,410,377
"112年 9月底","士林區",177913,70395,260,1321,66011,2421,382,107518,264,403
"112年 9月底","北投區",164945,62064,171,254,58949,2222,468,102881,256,425
"112年 10月底","總計",1778055,835523,4176,9826,640373,171809,9339,942532,333,376
"112年 10月底","松山區",131474,67679,417,785,50217,15941,319,63795,351,331
"112年 10月底","信義區",136115,61173,271,352,49433,9015,2102,74942,296,363
"112年 10月底","大安區",186980,115277,580,307,71952,41618,820,71703,396,246
"112年 10月底","中山區",200579,118789,964,1846,64153,50796,1030,81790,550,379
"112年 10月底","中正區",106231,51828,265,2623,38755,7679,2506,54403,346,363
"112年 10月底","大同區",85866,33225,167,207,29243,3441,167,52641,277,439
"112年 10月底","萬華區",121662,38203,171,94,34683,3039,216,83459,220,480
"112年 10月底","文山區",166201,66887,125,239,63811,2094,618,99314,257,382
"112年 10月底","南港區",82914,36729,160,179,30381,5869,140,46185,322,405
"112年 10月底","內湖區",217449,113370,626,1609,82912,27652,571,104079,411,377
"112年 10月底","士林區",177738,70359,259,1332,65961,2426,381,107379,264,402
"112年 10月底","北投區",164846,62004,171,253,58872,2239,469,102842,256,425
"112年 11月底","總計",1778401,836551,4177,9875,640645,172437,9417,941850,333,375
"112年 11月底","松山區",128090,64535,302,781,50283,12836,333,63555,334,329
"112年 11月底","信義區",136105,61248,273,353,49472,9035,2115,74857,296,362
"112年 11月底","大安區",187189,115565,568,331,71989,41749,928,71624,397,246
"112年 11月底","中山區",204092,122421,1082,1858,64225,54221,1035,81671,566,378
"112年 11月底","中正區",106102,51807,268,2603,38712,7688,2536,54295,345,362
"112年 11月底","大同區",85861,33265,169,209,29228,3492,167,52596,278,439
"112年 11月底","萬華區",121586,38240,173,94,34710,3045,218,83346,220,480
"112年 11月底","文山區",166182,66820,126,243,63835,2104,512,99362,257,382
"112年 11月底","南港區",82886,36653,159,169,30390,5794,141,46233,322,406
"112年 11月底","內湖區",217715,113633,631,1650,82997,27772,583,104082,412,377
"112年 11月底","士林區",177584,70285,255,1325,65893,2432,380,107299,263,402
"112年 11月底","北投區",165009,62079,171,259,58911,2269,469,102930,256,425
"112年 12月底","總計",1777720,836911,4178,9911,639994,173389,9439,940809,333,375
"112年 12月底","松山區",127612,64051,294,780,50027,12618,332,63561,331,329
"112年 12月底","信義區",135894,61188,273,350,49424,9046,2095,74706,296,361
"112年 12月底","大安區",187033,115453,570,335,71870,41740,938,71580,396,245
"112年 12月底","中山區",204710,123121,1089,1860,64174,54903,1095,81589,569,377
"112年 12月底","中正區",105844,51735,267,2601,38664,7698,2505,54109,345,360
"112年 12月底","大同區",85822,33255,164,209,29176,3537,169,52567,277,438
"112年 12月底","萬華區",121446,38177,173,95,34652,3040,217,83269,220,480
"112年 12月底","文山區",166115,66842,127,249,63855,2103,508,99273,257,381
"112年 12月底","南港區",82787,36653,159,170,30370,5811,143,46134,322,405
"112年 12月底","內湖區",218036,114032,634,1670,82975,28160,593,104004,413,377
"112年 12月底","士林區",177446,70277,258,1331,65876,2436,376,107169,263,401
"112年 12月底","北投區",164975,62127,170,261,58931,2297,468,102848,256,424
"113年 1月底","總計",1776449,837653,4159,9850,639833,174359,9452,938796,334,374
"113年 1月底","松山區",127197,64044,290,739,50015,12668,332,63153,331,326
"113年 1月底","信義區",135770,61232,273,352,49448,9069,2090,74538,296,361
"113年 1月底","大安區",187041,115661,569,336,71889,41925,942,71380,397,245
"113年 1月底","中山區",204823,123486,1087,1859,64150,55276,1114,81337,571,376
"113年 1月底","中正區",105706,51773,260,2610,38659,7756,2488,53933,345,359
"113年 1月底","大同區",85807,33361,162,208,29193,3626,172,52446,278,437
"113年 1月底","萬華區",121221,38100,172,93,34580,3038,217,83121,220,479
"113年 1月底","文山區",166049,66850,125,250,63862,2107,506,99199,257,381
"113年 1月底","南港區",82634,36566,159,169,30367,5729,142,46068,321,404
"113年 1月底","內湖區",218178,114284,631,1651,82988,28412,602,103894,414,376
"113年 1月底","士林區",177199,70265,259,1322,65864,2443,377,106934,263,401
"113年 1月底","北投區",164824,62031,172,261,58818,2310,470,102793,256,424
"113年 2月底","總計",1775355,837206,4156,9846,639082,174682,9440,938149,333,374
"113年 2月底","松山區",127112,64031,288,745,49937,12728,333,63081,331,326
"113年 2月底","信義區",135666,61176,272,347,49410,9064,2083,74490,296,361
"113年 2月底","大安區",186906,115584,572,337,71781,41960,934,71322,396,244
"113年 2月底","中山區",204666,123463,1084,1854,64092,55317,1116,81203,571,376
"113年 2月底","中正區",105645,51740,258,2608,38629,7764,2481,53905,345,359
"113年 2月底","大同區",85673,33310,159,207,29128,3644,172,52363,278,437
"113年 2月底","萬華區",121146,38063,172,89,34550,3038,214,83083,220,480
"113年 2月底","文山區",166076,66868,124,248,63856,2116,524,99208,257,381
"113年 2月底","南港區",82560,36563,160,170,30327,5756,150,45997,321,404
"113年 2月底","內湖區",218161,114321,637,1656,82910,28528,590,103840,414,376
"113年 2月底","士林區",176997,70129,259,1322,65736,2440,372,106868,263,401
"113年 2月底","北投區",164747,61958,171,263,58726,2327,471,102789,256,424
"113年 3月底","總計",1775287,837969,4142,9827,638887,175682,9431,937318,334,373
"113年 3月底","松山區",127323,64108,288,738,49997,12749,336,63215,331,326
"113年 3月底","信義區",135560,61162,270,348,49356,9105,2083,74398,296,361
"113年 3月底","大安區",187215,116027,562,316,71821,42403,925,71188,398,244
"113年 3月底","中山區",204749,123650,1080,1860,64072,55548,1090,81099,572,375
"113年 3月底","中正區",105467,51735,248,2609,38612,7784,2482,53732,344,358
"113年 3月底","大同區",85612,33342,158,212,29102,3696,174,52270,278,436
"113年 3月底","萬華區",121032,38013,174,90,34490,3043,216,83019,220,480
"113年 3月底","文山區",166065,66836,124,254,63819,2115,524,99229,257,381
"113年 3月底","南港區",82397,36456,160,169,30291,5687,149,45941,320,404
"113年 3月底","內湖區",218349,114640,646,1652,83009,28732,601,103709,415,376
"113年 3月底","士林區",176748,69995,260,1318,65589,2452,376,106753,263,400
"113年 3月底","北投區",164770,62005,172,261,58729,2368,475,102765,256,424
"113年 4月底","總計",1774793,838002,4128,9831,638408,176132,9503,936791,334,373
"113年 4月底","松山區",127514,64128,296,735,49974,12788,335,63386,331,327
"113年 4月底","信義區",135569,61143,264,338,49293,9079,2169,74426,296,361
"113年 4月底","大安區",187326,116192,561,317,71827,42565,922,71134,398,244
"113年 4月底","中山區",204532,123571,1064,1863,64035,55526,1083,80961,572,375
"113年 4月底","中正區",105398,51745,242,2607,38573,7850,2473,53653,344,357
"113年 4月底","大同區",85584,33314,159,211,29055,3714,175,52270,278,436
"113年 4月底","萬華區",120920,38015,177,93,34478,3052,215,82905,220,479
"113年 4月底","文山區",165906,66758,126,258,63726,2124,524,99148,257,381
"113年 4月底","南港區",82231,36350,159,167,30235,5641,148,45881,320,404
"113年 4月底","內湖區",218449,114831,651,1661,82960,28949,610,103618,416,376
"113年 4月底","士林區",176582,69968,259,1316,65563,2454,376,106614,263,400
"113年 4月底","北投區",164782,61987,170,265,58689,2390,473,102795,256,425
"113年 5月底","總計",1775038,838625,4112,9784,638572,176625,9532,936413,334,373
"113年 5月底","松山區",127354,64194,295,731,50029,12806,333,63160,332,326
"113年 5月底","信義區",135358,61142,264,331,49293,9071,2183,74216,297,360
"113年 5月底","大安區",187629,116493,557,315,71948,42741,932,71136,399,244
"113年 5月底","中山區",204579,123719,1059,1867,64078,55630,1085,80860,573,374
"113年 5月底","中正區",105769,51767,241,2606,38568,7862,2490,54002,345,360
"113年 5月底","大同區",85476,33318,159,212,29041,3733,173,52158,278,435
"113年 5月底","萬華區",120810,37998,174,91,34472,3047,214,82812,220,479
"113年 5月底","文山區",166048,66791,126,252,63777,2117,519,99257,257,382
"113年 5月底","南港區",82070,36240,160,166,30174,5590,150,45830,319,403
"113年 5月底","內湖區",218685,115067,650,1661,82998,29153,605,103618,417,376
"113年 5月底","士林區",176481,69894,259,1292,65514,2458,371,106587,263,400
"113年 5月底","北投區",164779,62002,168,260,58680,2417,477,102777,256,425
"113年 6月底","總計",1776757,840485,4101,9782,639059,177996,9547,936272,335,373
"113年 6月底","松山區",127797,64311,297,728,50061,12891,334,63486,332,328
"113年 6月底","信義區",135388,61169,263,320,49373,9037,2176,74219,297,360
"113年 6月底","大安區",188305,117183,550,316,71973,43423,921,71122,402,244
"113年 6月底","中山區",204719,123999,1057,1852,64073,55922,1095,80720,574,374
"113年 6月底","中正區",105813,51852,239,2616,38609,7877,2511,53961,346,360
"113年 6月底","大同區",85440,33373,160,210,29061,3767,175,52067,279,435
"113年 6月底","萬華區",120760,38006,174,91,34476,3049,216,82754,220,479
"113年 6月底","文山區",166119,66894,128,250,63869,2135,512,99225,257,382
"113年 6月底","南港區",82061,36277,160,166,30177,5624,150,45784,320,403
"113年 6月底","內湖區",219079,115461,654,1678,83155,29374,600,103618,419,376
"113年 6月底","士林區",176472,69928,253,1293,65542,2470,370,106544,263,400
"113年 6月底","北投區",164804,62032,166,262,58690,2427,487,102772,256,425
"113年 7月底","總計",1776540,841646,4092,9786,638711,179488,9569,934894,336,373
"113年 7月底","松山區",127668,64342,296,723,50035,12953,335,63326,333,328
"113年 7月底","信義區",135327,61209,265,314,49403,9047,2180,74118,297,360
"113年 7月底","大安區",188214,117279,552,319,71794,43690,924,70935,403,243
"113年 7月底","中山區",205115,124640,1047,1847,63959,56690,1097,80475,577,373
"113年 7月底","中正區",105769,51881,234,2641,38608,7893,2505,53888,346,360
"113年 7月底","大同區",85352,33454,160,210,29088,3821,175,51898,280,434
"113年 7月底","萬華區",120610,37967,174,89,34421,3059,224,82643,220,479
"113年 7月底","文山區",166177,66949,128,251,63895,2159,516,99228,258,382
"113年 7月底","南港區",82061,36302,163,166,30204,5618,151,45759,320,404
"113年 7月底","內湖區",219213,115665,652,1674,83107,29632,600,103548,420,376
"113年 7月底","士林區",176312,69930,255,1291,65515,2494,375,106382,263,400
"113年 7月底","北投區",164722,62028,166,261,58682,2432,487,102694,257,425
"113年 8月底","總計",1774115,840391,4064,9780,637563,179436,9548,933724,336,373
"113年 8月底","松山區",127658,64326,293,726,49948,13026,333,63332,333,328
"113年 8月底","信義區",135172,61112,268,313,49332,9020,2179,74060,297,360
"113年 8月底","大安區",188144,117300,542,302,71759,43778,919,70844,403,244
"113年 8月底","中山區",204459,124066,1043,1829,63784,56298,1112,80393,575,373
"113年 8月底","中正區",105104,51789,231,2655,38499,7911,2493,53315,347,357
"113年 8月底","大同區",85286,33442,160,210,29071,3834,167,51844,280,434
"113年 8月底","萬華區",120474,37973,172,88,34393,3094,226,82501,220,478
"113年 8月底","文山區",166109,66875,126,252,63811,2170,516,99234,258,382
"113年 8月底","南港區",81947,36241,164,168,30122,5635,152,45706,320,403
"113年 8月底","內湖區",218918,115482,650,1669,82849,29720,594,103436,420,376
"113年 8月底","士林區",176221,69870,250,1303,65440,2503,374,106351,263,400
"113年 8月底","北投區",164623,61915,165,265,58555,2447,483,102708,256,425
"113年 9月底","總計",1773761,840819,4055,9789,636899,180469,9607,932942,337,373
"113年 9月底","松山區",127556,64321,292,721,49870,13093,345,63235,334,329
"113年 9月底","信義區",135130,61133,267,316,49348,9026,2176,73997,297,360
"113年 9月底","大安區",188170,117445,539,296,71642,44004,964,70725,404,244
"113年 9月底","中山區",204595,124327,1040,1835,63714,56622,1116,80268,576,372
"113年 9月底","中正區",104866,51662,228,2664,38356,7920,2494,53204,347,357
"113年 9月底","大同區",85207,33508,161,210,29051,3917,169,51699,281,433
"113年 9月底","萬華區",120392,37978,173,88,34401,3090,226,82414,220,478
"113年 9月底","文山區",166090,66879,126,254,63808,2179,512,99211,258,383
"113年 9月底","南港區",81854,36122,164,169,30037,5599,153,45732,319,404
"113年 9月底","內湖區",219086,115683,648,1671,82732,30035,597,103403,421,377
"113年 9月底","士林區",176128,69862,250,1333,65387,2516,376,106266,264,401
"113年 9月底","北投區",164687,61899,167,232,58553,2468,479,102788,256,426
"113年 10月底","總計",1771986,840304,4056,9771,636024,180864,9589,931682,337,373
"113年 10月底","松山區",127413,64307,291,719,49797,13154,346,63106,335,328
"113年 10月底","信義區",135118,61187,264,306,49326,9099,2192,73931,298,360
"113年 10月底","大安區",188153,117566,534,295,71596,44210,931,70587,405,243
"113年 10月底","中山區",204424,124292,1036,1832,63598,56710,1116,80132,577,372
"113年 10月底","中正區",104587,51560,235,2675,38251,7913,2486,53027,347,357
"113年 10月底","大同區",85088,33464,162,207,29006,3921,168,51624,281,433
"113年 10月底","萬華區",120139,37903,173,87,34327,3090,226,82236,220,478
"113年 10月底","文山區",165994,66808,125,248,63741,2187,507,99186,258,383
"113年 10月底","南港區",81699,36055,166,169,30024,5544,152,45644,319,404
"113年 10月底","內湖區",219048,115666,648,1672,82673,30063,610,103382,422,377
"113年 10月底","士林區",175878,69746,256,1333,65281,2501,375,106132,263,401
"113年 10月底","北投區",164445,61750,166,228,58404,2472,480,102695,256,426

